{
  "source": "doc/api/cluster.markdown",
  "modules": [
    {
      "textRaw": "Cluster",
      "name": "cluster",
      "stability": 2,
      "stabilityText": "Unstable",
      "desc": "<p>A single instance of Node runs in a single thread. To take advantage of\nmulti-core systems the user will sometimes want to launch a cluster of Node\nprocesses to handle the load.\n\n</p>\n<p>The cluster module allows you to easily create child processes that\nall share server ports.\n\n</p>\n<pre><code>var cluster = require(&#39;cluster&#39;);\nvar http = require(&#39;http&#39;);\nvar numCPUs = require(&#39;os&#39;).cpus().length;\n\nif (cluster.isMaster) {\n  // Fork workers.\n  for (var i = 0; i &lt; numCPUs; i++) {\n    cluster.fork();\n  }\n\n  cluster.on(&#39;exit&#39;, function(worker, code, signal) {\n    console.log(&#39;worker &#39; + worker.process.pid + &#39; died&#39;);\n  });\n} else {\n  // Workers can share any TCP connection\n  // In this case its a HTTP server\n  http.createServer(function(req, res) {\n    res.writeHead(200);\n    res.end(&quot;hello world\\n&quot;);\n  }).listen(8000);\n}</code></pre>\n<p>Running node will now share port 8000 between the workers:\n\n</p>\n<pre><code>% NODE_DEBUG=cluster node server.js\n23521,Master Worker 23524 online\n23521,Master Worker 23526 online\n23521,Master Worker 23523 online\n23521,Master Worker 23528 online</code></pre>\n<p>This feature was introduced recently, and may change in future versions.\nPlease try it out and provide feedback.\n\n</p>\n<p>Also note that, on Windows, it is not yet possible to set up a named pipe\nserver in a worker.\n\n</p>\n",
      "miscs": [
        {
          "textRaw": "How It Works",
          "name": "How It Works",
          "type": "misc",
          "desc": "<p>The worker processes are spawned using the <code>child_process.fork</code> method,\nso that they can communicate with the parent via IPC and pass server\nhandles back and forth.\n\n</p>\n<p>The cluster module supports two methods of distributing incoming\nconnections.\n\n</p>\n<p>The first one (and the default one on all platforms except Windows),\nis the round-robin approach, where the master process listens on a\nport, accepts new connections and distributes them across the workers\nin a round-robin fashion, with some built-in smarts to avoid\noverloading a worker process.\n\n</p>\n<p>The second approach is where the master process creates the listen\nsocket and sends it to interested workers. The workers then accept\nincoming connections directly.\n\n</p>\n<p>The second approach should, in theory, give the best performance.\nIn practice however, distribution tends to be very unbalanced due\nto operating system scheduler vagaries. Loads have been observed\nwhere over 70% of all connections ended up in just two processes,\nout of a total of eight.\n\n</p>\n<p>Because <code>server.listen()</code> hands off most of the work to the master\nprocess, there are three cases where the behavior between a normal\nnode.js process and a cluster worker differs:\n\n</p>\n<ol>\n<li><code>server.listen({fd: 7})</code> Because the message is passed to the master,\nfile descriptor 7 <strong>in the parent</strong> will be listened on, and the\nhandle passed to the worker, rather than listening to the worker&#39;s\nidea of what the number 7 file descriptor references.</li>\n<li><code>server.listen(handle)</code> Listening on handles explicitly will cause\nthe worker to use the supplied handle, rather than talk to the master\nprocess.  If the worker already has the handle, then it&#39;s presumed\nthat you know what you are doing.</li>\n<li><code>server.listen(0)</code> Normally, this will cause servers to listen on a\nrandom port.  However, in a cluster, each worker will receive the\nsame &quot;random&quot; port each time they do <code>listen(0)</code>.  In essence, the\nport is random the first time, but predictable thereafter.  If you\nwant to listen on a unique port, generate a port number based on the\ncluster worker ID.</li>\n</ol>\n<p>There is no routing logic in Node.js, or in your program, and no shared\nstate between the workers.  Therefore, it is important to design your\nprogram such that it does not rely too heavily on in-memory data objects\nfor things like sessions and login.\n\n</p>\n<p>Because workers are all separate processes, they can be killed or\nre-spawned depending on your program&#39;s needs, without affecting other\nworkers.  As long as there are some workers still alive, the server will\ncontinue to accept connections.  Node does not automatically manage the\nnumber of workers for you, however.  It is your responsibility to manage\nthe worker pool for your application&#39;s needs.\n\n</p>\n"
        }
      ],
      "properties": [
        {
          "textRaw": "cluster.schedulingPolicy",
          "name": "schedulingPolicy",
          "desc": "<p>The scheduling policy, either <code>cluster.SCHED_RR</code> for round-robin or\n<code>cluster.SCHED_NONE</code> to leave it to the operating system. This is a\nglobal setting and effectively frozen once you spawn the first worker\nor call <code>cluster.setupMaster()</code>, whatever comes first.\n\n</p>\n<p><code>SCHED_RR</code> is the default on all operating systems except Windows.\nWindows will change to <code>SCHED_RR</code> once libuv is able to effectively\ndistribute IOCP handles without incurring a large performance hit.\n\n</p>\n<p><code>cluster.schedulingPolicy</code> can also be set through the\n<code>NODE_CLUSTER_SCHED_POLICY</code> environment variable. Valid\nvalues are <code>&quot;rr&quot;</code> and <code>&quot;none&quot;</code>.\n\n</p>\n"
        },
        {
          "textRaw": "`settings` {Object} ",
          "name": "settings",
          "options": [
            {
              "textRaw": "`execArgv` {Array} list of string arguments passed to the node executable.  (Default=`process.execArgv`) ",
              "name": "execArgv",
              "default": "process.execArgv",
              "type": "Array",
              "desc": "list of string arguments passed to the node executable."
            },
            {
              "textRaw": "`exec` {String} file path to worker file.  (Default=`process.argv[1]`) ",
              "name": "exec",
              "default": "process.argv[1]",
              "type": "String",
              "desc": "file path to worker file."
            },
            {
              "textRaw": "`args` {Array} string arguments passed to worker. (Default=`process.argv.slice(2)`) ",
              "name": "args",
              "default": "process.argv.slice(2)",
              "type": "Array",
              "desc": "string arguments passed to worker."
            },
            {
              "textRaw": "`silent` {Boolean} whether or not to send output to parent's stdio. (Default=`false`) ",
              "name": "silent",
              "default": "false",
              "type": "Boolean",
              "desc": "whether or not to send output to parent's stdio."
            },
            {
              "textRaw": "`uid` {Number} Sets the user identity of the process. (See setuid(2).) ",
              "name": "uid",
              "type": "Number",
              "desc": "Sets the user identity of the process. (See setuid(2).)"
            },
            {
              "textRaw": "`gid` {Number} Sets the group identity of the process. (See setgid(2).) ",
              "name": "gid",
              "type": "Number",
              "desc": "Sets the group identity of the process. (See setgid(2).)"
            }
          ],
          "desc": "<p>After calling <code>.setupMaster()</code> (or <code>.fork()</code>) this settings object will contain\nthe settings, including the default values.\n\n</p>\n<p>It is effectively frozen after being set, because <code>.setupMaster()</code> can\nonly be called once.\n\n</p>\n<p>This object is not supposed to be changed or set manually, by you.\n\n</p>\n"
        },
        {
          "textRaw": "`isMaster` {Boolean} ",
          "name": "isMaster",
          "desc": "<p>True if the process is a master. This is determined\nby the <code>process.env.NODE_UNIQUE_ID</code>. If <code>process.env.NODE_UNIQUE_ID</code> is\nundefined, then <code>isMaster</code> is <code>true</code>.\n\n</p>\n"
        },
        {
          "textRaw": "`isWorker` {Boolean} ",
          "name": "isWorker",
          "desc": "<p>True if the process is not a master (it is the negation of <code>cluster.isMaster</code>).\n\n</p>\n"
        },
        {
          "textRaw": "`worker` {Object} ",
          "name": "worker",
          "desc": "<p>A reference to the current worker object. Not available in the master process.\n\n</p>\n<pre><code>var cluster = require(&#39;cluster&#39;);\n\nif (cluster.isMaster) {\n  console.log(&#39;I am master&#39;);\n  cluster.fork();\n  cluster.fork();\n} else if (cluster.isWorker) {\n  console.log(&#39;I am worker #&#39; + cluster.worker.id);\n}</code></pre>\n"
        },
        {
          "textRaw": "`workers` {Object} ",
          "name": "workers",
          "desc": "<p>A hash that stores the active worker objects, keyed by <code>id</code> field. Makes it\neasy to loop through all the workers. It is only available in the master\nprocess.\n\n</p>\n<p>A worker is removed from cluster.workers after the worker has disconnected <em>and</em>\nexited. The order between these two events cannot be determined in advance.\nHowever, it is guaranteed that the removal from the cluster.workers list happens\nbefore last <code>&#39;disconnect&#39;</code> or <code>&#39;exit&#39;</code> event is emitted.\n\n</p>\n<pre><code>// Go through all workers\nfunction eachWorker(callback) {\n  for (var id in cluster.workers) {\n    callback(cluster.workers[id]);\n  }\n}\neachWorker(function(worker) {\n  worker.send(&#39;big announcement to all workers&#39;);\n});</code></pre>\n<p>Should you wish to reference a worker over a communication channel, using\nthe worker&#39;s unique id is the easiest way to find the worker.\n\n</p>\n<pre><code>socket.on(&#39;data&#39;, function(id) {\n  var worker = cluster.workers[id];\n});</code></pre>\n"
        }
      ],
      "events": [
        {
          "textRaw": "Event: 'fork'",
          "type": "event",
          "name": "fork",
          "params": [],
          "desc": "<p>When a new worker is forked the cluster module will emit a &#39;fork&#39; event.\nThis can be used to log worker activity, and create your own timeout.\n\n</p>\n<pre><code>var timeouts = [];\nfunction errorMsg() {\n  console.error(&quot;Something must be wrong with the connection ...&quot;);\n}\n\ncluster.on(&#39;fork&#39;, function(worker) {\n  timeouts[worker.id] = setTimeout(errorMsg, 2000);\n});\ncluster.on(&#39;listening&#39;, function(worker, address) {\n  clearTimeout(timeouts[worker.id]);\n});\ncluster.on(&#39;exit&#39;, function(worker, code, signal) {\n  clearTimeout(timeouts[worker.id]);\n  errorMsg();\n});</code></pre>\n"
        },
        {
          "textRaw": "Event: 'online'",
          "type": "event",
          "name": "online",
          "params": [],
          "desc": "<p>After forking a new worker, the worker should respond with an online message.\nWhen the master receives an online message it will emit this event.\nThe difference between &#39;fork&#39; and &#39;online&#39; is that fork is emitted when the\nmaster forks a worker, and &#39;online&#39; is emitted when the worker is running.\n\n</p>\n<pre><code>cluster.on(&#39;online&#39;, function(worker) {\n  console.log(&quot;Yay, the worker responded after it was forked&quot;);\n});</code></pre>\n"
        },
        {
          "textRaw": "Event: 'listening'",
          "type": "event",
          "name": "listening",
          "params": [],
          "desc": "<p>After calling <code>listen()</code> from a worker, when the &#39;listening&#39; event is emitted on\nthe server, a listening event will also be emitted on <code>cluster</code> in the master.\n\n</p>\n<p>The event handler is executed with two arguments, the <code>worker</code> contains the worker\nobject and the <code>address</code> object contains the following connection properties:\n<code>address</code>, <code>port</code> and <code>addressType</code>. This is very useful if the worker is listening\non more than one address.\n\n</p>\n<pre><code>cluster.on(&#39;listening&#39;, function(worker, address) {\n  console.log(&quot;A worker is now connected to &quot; + address.address + &quot;:&quot; + address.port);\n});</code></pre>\n<p>The <code>addressType</code> is one of:\n\n</p>\n<ul>\n<li><code>4</code> (TCPv4)</li>\n<li><code>6</code> (TCPv6)</li>\n<li><code>-1</code> (unix domain socket)</li>\n<li><code>&quot;udp4&quot;</code> or <code>&quot;udp6&quot;</code> (UDP v4 or v6)</li>\n</ul>\n"
        },
        {
          "textRaw": "Event: 'disconnect'",
          "type": "event",
          "name": "disconnect",
          "params": [],
          "desc": "<p>Emitted after the worker IPC channel has disconnected. This can occur when a\nworker exits gracefully, is killed, or is disconnected manually (such as with\nworker.disconnect()).\n\n</p>\n<p>There may be a delay between the <code>disconnect</code> and <code>exit</code> events.  These events\ncan be used to detect if the process is stuck in a cleanup or if there are\nlong-living connections.\n\n</p>\n<pre><code>cluster.on(&#39;disconnect&#39;, function(worker) {\n  console.log(&#39;The worker #&#39; + worker.id + &#39; has disconnected&#39;);\n});</code></pre>\n"
        },
        {
          "textRaw": "Event: 'exit'",
          "type": "event",
          "name": "exit",
          "params": [],
          "desc": "<p>When any of the workers die the cluster module will emit the &#39;exit&#39; event.\n\n</p>\n<p>This can be used to restart the worker by calling <code>.fork()</code> again.\n\n</p>\n<pre><code>cluster.on(&#39;exit&#39;, function(worker, code, signal) {\n  console.log(&#39;worker %d died (%s). restarting...&#39;,\n    worker.process.pid, signal || code);\n  cluster.fork();\n});</code></pre>\n<p>See <a href=\"child_process.html#child_process_event_exit\">child_process event: &#39;exit&#39;</a>.\n\n</p>\n"
        },
        {
          "textRaw": "Event: 'setup'",
          "type": "event",
          "name": "setup",
          "params": [],
          "desc": "<p>Emitted every time <code>.setupMaster()</code> is called.\n\n</p>\n<p>The <code>settings</code> object is the <code>cluster.settings</code> object at the time\n<code>.setupMaster()</code> was called and is advisory only, since multiple calls to\n<code>.setupMaster()</code> can be made in a single tick.\n\n</p>\n<p>If accuracy is important, use <code>cluster.settings</code>.\n\n</p>\n"
        }
      ],
      "methods": [
        {
          "textRaw": "cluster.setupMaster([settings])",
          "type": "method",
          "name": "setupMaster",
          "signatures": [
            {
              "params": [
                {
                  "textRaw": "`settings` {Object} ",
                  "options": [
                    {
                      "textRaw": "`exec` {String} file path to worker file.  (Default=`process.argv[1]`) ",
                      "name": "exec",
                      "default": "process.argv[1]",
                      "type": "String",
                      "desc": "file path to worker file."
                    },
                    {
                      "textRaw": "`args` {Array} string arguments passed to worker. (Default=`process.argv.slice(2)`) ",
                      "name": "args",
                      "default": "process.argv.slice(2)",
                      "type": "Array",
                      "desc": "string arguments passed to worker."
                    },
                    {
                      "textRaw": "`silent` {Boolean} whether or not to send output to parent's stdio. (Default=`false`) ",
                      "name": "silent",
                      "default": "false",
                      "type": "Boolean",
                      "desc": "whether or not to send output to parent's stdio."
                    }
                  ],
                  "name": "settings",
                  "type": "Object",
                  "optional": true
                }
              ]
            },
            {
              "params": [
                {
                  "name": "settings",
                  "optional": true
                }
              ]
            }
          ],
          "desc": "<p><code>setupMaster</code> is used to change the default &#39;fork&#39; behavior. Once called,\nthe settings will be present in <code>cluster.settings</code>.\n\n</p>\n<p>Note that:\n\n</p>\n<ul>\n<li>any settings changes only affect future calls to <code>.fork()</code> and have no\neffect on workers that are already running</li>\n<li>The <em>only</em> attribute of a worker that cannot be set via <code>.setupMaster()</code> is\nthe <code>env</code> passed to <code>.fork()</code></li>\n<li>the defaults above apply to the first call only, the defaults for later\ncalls is the current value at the time of <code>cluster.setupMaster()</code> is called</li>\n</ul>\n<p>Example:\n\n</p>\n<pre><code>var cluster = require(&#39;cluster&#39;);\ncluster.setupMaster({\n  exec: &#39;worker.js&#39;,\n  args: [&#39;--use&#39;, &#39;https&#39;],\n  silent: true\n});\ncluster.fork(); // https worker\ncluster.setupMaster({\n  args: [&#39;--use&#39;, &#39;http&#39;]\n});\ncluster.fork(); // http worker</code></pre>\n<p>This can only be called from the master process.\n\n</p>\n"
        },
        {
          "textRaw": "cluster.fork([env])",
          "type": "method",
          "name": "fork",
          "signatures": [
            {
              "return": {
                "textRaw": "return {Worker object} ",
                "name": "return",
                "type": "Worker object"
              },
              "params": [
                {
                  "textRaw": "`env` {Object} Key/value pairs to add to worker process environment. ",
                  "name": "env",
                  "type": "Object",
                  "desc": "Key/value pairs to add to worker process environment.",
                  "optional": true
                }
              ]
            },
            {
              "params": [
                {
                  "name": "env",
                  "optional": true
                }
              ]
            }
          ],
          "desc": "<p>Spawn a new worker process.\n\n</p>\n<p>This can only be called from the master process.\n\n</p>\n"
        },
        {
          "textRaw": "cluster.disconnect([callback])",
          "type": "method",
          "name": "disconnect",
          "signatures": [
            {
              "params": [
                {
                  "textRaw": "`callback` {Function} called when all workers are disconnected and handles are closed ",
                  "name": "callback",
                  "type": "Function",
                  "desc": "called when all workers are disconnected and handles are closed",
                  "optional": true
                }
              ]
            },
            {
              "params": [
                {
                  "name": "callback",
                  "optional": true
                }
              ]
            }
          ],
          "desc": "<p>Calls <code>.disconnect()</code> on each worker in <code>cluster.workers</code>.\n\n</p>\n<p>When they are disconnected all internal handles will be closed, allowing the\nmaster process to die gracefully if no other event is waiting.\n\n</p>\n<p>The method takes an optional callback argument which will be called when finished.\n\n</p>\n<p>This can only be called from the master process.\n\n</p>\n"
        }
      ],
      "classes": [
        {
          "textRaw": "Class: Worker",
          "type": "class",
          "name": "Worker",
          "desc": "<p>A Worker object contains all public information and method about a worker.\nIn the master it can be obtained using <code>cluster.workers</code>. In a worker\nit can be obtained using <code>cluster.worker</code>.\n\n</p>\n",
          "properties": [
            {
              "textRaw": "`id` {String} ",
              "name": "id",
              "desc": "<p>Each new worker is given its own unique id, this id is stored in the\n<code>id</code>.\n\n</p>\n<p>While a worker is alive, this is the key that indexes it in\ncluster.workers\n\n</p>\n"
            },
            {
              "textRaw": "`process` {ChildProcess object} ",
              "name": "process",
              "desc": "<p>All workers are created using <code>child_process.fork()</code>, the returned object\nfrom this function is stored as <code>.process</code>. In a worker, the global <code>process</code>\nis stored.\n\n</p>\n<p>See: <a href=\"child_process.html#child_process_child_process_fork_modulepath_args_options\">Child Process module</a>\n\n</p>\n<p>Note that workers will call <code>process.exit(0)</code> if the <code>&#39;disconnect&#39;</code> event occurs\non <code>process</code> and <code>.suicide</code> is not <code>true</code>. This protects against accidental\ndisconnection.\n\n</p>\n"
            },
            {
              "textRaw": "`suicide` {Boolean} ",
              "name": "suicide",
              "desc": "<p>Set by calling <code>.kill()</code> or <code>.disconnect()</code>, until then it is <code>undefined</code>.\n\n</p>\n<p>The boolean <code>worker.suicide</code> lets you distinguish between voluntary and accidental\nexit, the master may choose not to respawn a worker based on this value.\n\n</p>\n<pre><code>cluster.on(&#39;exit&#39;, function(worker, code, signal) {\n  if (worker.suicide === true) {\n    console.log(&#39;Oh, it was just suicide\\&#39; – no need to worry&#39;).\n  }\n});\n\n// kill worker\nworker.kill();</code></pre>\n"
            }
          ],
          "methods": [
            {
              "textRaw": "worker.send(message[, sendHandle])",
              "type": "method",
              "name": "send",
              "signatures": [
                {
                  "params": [
                    {
                      "textRaw": "`message` {Object} ",
                      "name": "message",
                      "type": "Object"
                    },
                    {
                      "textRaw": "`sendHandle` {Handle object} ",
                      "name": "sendHandle",
                      "type": "Handle object",
                      "optional": true
                    }
                  ]
                },
                {
                  "params": [
                    {
                      "name": "message"
                    },
                    {
                      "name": "sendHandle",
                      "optional": true
                    }
                  ]
                }
              ],
              "desc": "<p>This function is equal to the send methods provided by\n<code>child_process.fork()</code>.  In the master you should use this function to\nsend a message to a specific worker.\n\n</p>\n<p>In a worker you can also use <code>process.send(message)</code>, it is the same function.\n\n</p>\n<p>This example will echo back all messages from the master:\n\n</p>\n<pre><code>if (cluster.isMaster) {\n  var worker = cluster.fork();\n  worker.send(&#39;hi there&#39;);\n\n} else if (cluster.isWorker) {\n  process.on(&#39;message&#39;, function(msg) {\n    process.send(msg);\n  });\n}</code></pre>\n"
            },
            {
              "textRaw": "worker.kill([signal='SIGTERM'])",
              "type": "method",
              "name": "kill",
              "signatures": [
                {
                  "params": [
                    {
                      "textRaw": "`signal` {String} Name of the kill signal to send to the worker process. ",
                      "name": "signal",
                      "type": "String",
                      "desc": "Name of the kill signal to send to the worker process.",
                      "optional": true,
                      "default": "'SIGTERM'"
                    }
                  ]
                },
                {
                  "params": [
                    {
                      "name": "signal",
                      "optional": true,
                      "default": "'SIGTERM'"
                    }
                  ]
                }
              ],
              "desc": "<p>This function will kill the worker. In the master, it does this by disconnecting\nthe <code>worker.process</code>, and once disconnected, killing with <code>signal</code>. In the\nworker, it does it by disconnecting the channel, and then exiting with code <code>0</code>.\n\n</p>\n<p>Causes <code>.suicide</code> to be set.\n\n</p>\n<p>This method is aliased as <code>worker.destroy()</code> for backwards compatibility.\n\n</p>\n<p>Note that in a worker, <code>process.kill()</code> exists, but it is not this function,\nit is <a href=\"process.html#process_process_kill_pid_signal\">kill</a>.\n\n</p>\n"
            },
            {
              "textRaw": "worker.disconnect()",
              "type": "method",
              "name": "disconnect",
              "desc": "<p>In a worker, this function will close all servers, wait for the &#39;close&#39; event on\nthose servers, and then disconnect the IPC channel.\n\n</p>\n<p>In the master, an internal message is sent to the worker causing it to call\n<code>.disconnect()</code> on itself.\n\n</p>\n<p>Causes <code>.suicide</code> to be set.\n\n</p>\n<p>Note that after a server is closed, it will no longer accept new connections,\nbut connections may be accepted by any other listening worker. Existing\nconnections will be allowed to close as usual. When no more connections exist,\nsee <a href=\"net.html#net_event_close\">server.close()</a>, the IPC channel to the worker\nwill close allowing it to die gracefully.\n\n</p>\n<p>The above applies <em>only</em> to server connections, client connections are not\nautomatically closed by workers, and disconnect does not wait for them to close\nbefore exiting.\n\n</p>\n<p>Note that in a worker, <code>process.disconnect</code> exists, but it is not this function,\nit is <a href=\"child_process.html#child_process_child_disconnect\">disconnect</a>.\n\n</p>\n<p>Because long living server connections may block workers from disconnecting, it\nmay be useful to send a message, so application specific actions may be taken to\nclose them. It also may be useful to implement a timeout, killing a worker if\nthe <code>disconnect</code> event has not been emitted after some time.\n\n</p>\n<pre><code>if (cluster.isMaster) {\n  var worker = cluster.fork();\n  var timeout;\n\n  worker.on(&#39;listening&#39;, function(address) {\n    worker.send(&#39;shutdown&#39;);\n    worker.disconnect();\n    timeout = setTimeout(function() {\n      worker.kill();\n    }, 2000);\n  });\n\n  worker.on(&#39;disconnect&#39;, function() {\n    clearTimeout(timeout);\n  });\n\n} else if (cluster.isWorker) {\n  var net = require(&#39;net&#39;);\n  var server = net.createServer(function(socket) {\n    // connections never end\n  });\n\n  server.listen(8000);\n\n  process.on(&#39;message&#39;, function(msg) {\n    if(msg === &#39;shutdown&#39;) {\n      // initiate graceful close of any connections to server\n    }\n  });\n}</code></pre>\n",
              "signatures": [
                {
                  "params": []
                }
              ]
            },
            {
              "textRaw": "worker.isDead()",
              "type": "method",
              "name": "isDead",
              "desc": "<p>This function returns <code>true</code> if the worker&#39;s process has terminated (either\nbecause of exiting or being signaled). Otherwise, it returns <code>false</code>.\n\n</p>\n",
              "signatures": [
                {
                  "params": []
                }
              ]
            },
            {
              "textRaw": "worker.isConnected()",
              "type": "method",
              "name": "isConnected",
              "desc": "<p>This function returns <code>true</code> if the worker is connected to its master via its IPC\nchannel, <code>false</code> otherwise. A worker is connected to its master after it&#39;s been\ncreated. It is disconnected after the <code>disconnect</code> event is emitted.\n\n</p>\n",
              "signatures": [
                {
                  "params": []
                }
              ]
            }
          ],
          "events": [
            {
              "textRaw": "Event: 'message'",
              "type": "event",
              "name": "message",
              "params": [],
              "desc": "<p>This event is the same as the one provided by <code>child_process.fork()</code>.\n\n</p>\n<p>In a worker you can also use <code>process.on(&#39;message&#39;)</code>.\n\n</p>\n<p>As an example, here is a cluster that keeps count of the number of requests\nin the master process using the message system:\n\n</p>\n<pre><code>var cluster = require(&#39;cluster&#39;);\nvar http = require(&#39;http&#39;);\n\nif (cluster.isMaster) {\n\n  // Keep track of http requests\n  var numReqs = 0;\n  setInterval(function() {\n    console.log(&quot;numReqs =&quot;, numReqs);\n  }, 1000);\n\n  // Count requestes\n  function messageHandler(msg) {\n    if (msg.cmd &amp;&amp; msg.cmd == &#39;notifyRequest&#39;) {\n      numReqs += 1;\n    }\n  }\n\n  // Start workers and listen for messages containing notifyRequest\n  var numCPUs = require(&#39;os&#39;).cpus().length;\n  for (var i = 0; i &lt; numCPUs; i++) {\n    cluster.fork();\n  }\n\n  Object.keys(cluster.workers).forEach(function(id) {\n    cluster.workers[id].on(&#39;message&#39;, messageHandler);\n  });\n\n} else {\n\n  // Worker processes have a http server.\n  http.Server(function(req, res) {\n    res.writeHead(200);\n    res.end(&quot;hello world\\n&quot;);\n\n    // notify master about the request\n    process.send({ cmd: &#39;notifyRequest&#39; });\n  }).listen(8000);\n}</code></pre>\n"
            },
            {
              "textRaw": "Event: 'online'",
              "type": "event",
              "name": "online",
              "desc": "<p>Similar to the <code>cluster.on(&#39;online&#39;)</code> event, but specific to this worker.\n\n</p>\n<pre><code>cluster.fork().on(&#39;online&#39;, function() {\n  // Worker is online\n});</code></pre>\n<p>It is not emitted in the worker.\n\n</p>\n",
              "params": []
            },
            {
              "textRaw": "Event: 'listening'",
              "type": "event",
              "name": "listening",
              "params": [],
              "desc": "<p>Similar to the <code>cluster.on(&#39;listening&#39;)</code> event, but specific to this worker.\n\n</p>\n<pre><code>cluster.fork().on(&#39;listening&#39;, function(address) {\n  // Worker is listening\n});</code></pre>\n<p>It is not emitted in the worker.\n\n</p>\n"
            },
            {
              "textRaw": "Event: 'disconnect'",
              "type": "event",
              "name": "disconnect",
              "desc": "<p>Similar to the <code>cluster.on(&#39;disconnect&#39;)</code> event, but specfic to this worker.\n\n</p>\n<pre><code>cluster.fork().on(&#39;disconnect&#39;, function() {\n  // Worker has disconnected\n});</code></pre>\n",
              "params": []
            },
            {
              "textRaw": "Event: 'exit'",
              "type": "event",
              "name": "exit",
              "params": [],
              "desc": "<p>Similar to the <code>cluster.on(&#39;exit&#39;)</code> event, but specific to this worker.\n\n</p>\n<pre><code>var worker = cluster.fork();\nworker.on(&#39;exit&#39;, function(code, signal) {\n  if( signal ) {\n    console.log(&quot;worker was killed by signal: &quot;+signal);\n  } else if( code !== 0 ) {\n    console.log(&quot;worker exited with error code: &quot;+code);\n  } else {\n    console.log(&quot;worker success!&quot;);\n  }\n});</code></pre>\n"
            },
            {
              "textRaw": "Event: 'error'",
              "type": "event",
              "name": "error",
              "desc": "<p>This event is the same as the one provided by <code>child_process.fork()</code>.\n\n</p>\n<p>In a worker you can also use <code>process.on(&#39;error&#39;)</code>.\n</p>\n",
              "params": []
            }
          ]
        }
      ],
      "type": "module",
      "displayName": "Cluster"
    }
  ]
}
